accuracy,loss,precision,recall,val_accuracy,val_loss,val_precision,val_recall
0.9088358879089355,0.22547778487205505,0.9079012870788574,0.9099778532981873,0.946133017539978,0.14022567868232727,0.9589945673942566,0.932127058506012
0.939730167388916,0.15283556282520294,0.9395877122879028,0.9398899078369141,0.951011061668396,0.12991957366466522,0.9580792784690857,0.9433002471923828
0.9451978802680969,0.1394185721874237,0.9444186687469482,0.9460724592208862,0.9505524039268494,0.123966284096241,0.9595203399658203,0.940798819065094
0.9483605623245239,0.1320817619562149,0.9478474855422974,0.9489314556121826,0.9526787400245667,0.12059299647808075,0.9680172204971313,0.9362961649894714
0.9510944485664368,0.12559624016284943,0.9491832852363586,0.9532199501991272,0.9549718499183655,0.11637721955776215,0.9472174644470215,0.9636454582214355
0.9537568092346191,0.12099761515855789,0.9529466032981873,0.9546493887901306,0.9575151205062866,0.11020676791667938,0.958625853061676,0.9563078284263611
0.9531671404838562,0.11815012246370316,0.9519227147102356,0.9545422196388245,0.9564310908317566,0.1131991371512413,0.9496467709541321,0.9639790058135986
0.954936146736145,0.11663974076509476,0.9531216621398926,0.9569365978240967,0.9560975432395935,0.11207781732082367,0.9695279002189636,0.9417994022369385
0.9556687474250793,0.11258930712938309,0.9536091685295105,0.9579372406005859,0.9580154418945312,0.1134922057390213,0.9634661078453064,0.9521387219429016
