accuracy,loss,precision,recall,val_accuracy,val_loss,val_precision,val_recall
0.925364077091217,0.185519739985466,0.9236217141151428,0.9274176359176636,0.9555138349533081,0.12134768068790436,0.9525347948074341,0.9588093161582947
0.9509157538414001,0.12326724827289581,0.9506732821464539,0.9511829018592834,0.9594329595565796,0.10454026609659195,0.9558994174003601,0.9633119106292725
0.95761638879776,0.10811488330364227,0.958237886428833,0.9569365978240967,0.9615176320075989,0.10169342160224915,0.9562314748764038,0.9673142433166504
0.9605824947357178,0.09938609600067139,0.9611091017723083,0.9600099921226501,0.9633938074111938,0.09895467758178711,0.9573697447776794,0.9699825048446655
0.9643169641494751,0.09039054811000824,0.9650642275810242,0.9635122418403625,0.9646028876304626,0.09642714262008667,0.9669795632362366,0.9620612263679504
0.9661931395530701,0.08570588380098343,0.9669267535209656,0.9654063582420349,0.9656451940536499,0.09173108637332916,0.9663465619087219,0.9648962020874023
0.9686947464942932,0.07900862395763397,0.9698696136474609,0.9674433469772339,0.9664373397827148,0.09207625687122345,0.9630028009414673,0.9701492786407471
0.970856785774231,0.0748356282711029,0.9715134501457214,0.9701594114303589,0.9653950333595276,0.09799383580684662,0.9582136273384094,0.9732344150543213
0.971178412437439,0.07159192860126495,0.9723426103591919,0.969944953918457,0.9676047563552856,0.09313240647315979,0.9673333168029785,0.9678979516029358
